job_state,avg_salary
 AL,142
 AZ,140
 CA,119
 CO,103
 CT,98
 DC,149
 DE,271
 FL,118
 GA,109
 IA,140
 IL,120
 IN,113
 KS,103
 LA,103
 MA,118
 MD,112
 MI,118
 MN,93
 MO,114
 MS,133
 NC,149
 NE,104
 NH,132
 NJ,121
 NY,133
 OH,118
 OK,122
 OR,131
 PA,115
 RI,130
 SC,95
 TN,101
 TX,127
 UT,104
 VA,127
 WA,134
 WI,144
 WV,114
